"data","label"
"1 điểm cho thợ lắp. Tận tâm mà chả tận tâm tí nào","0"
"Máy lạnh mình mua tháng 6 năm ngoái, dùng cũng ít. năm nay chưa mở máy ngày nào, đến hôm nay mở máy thì không lên nguồn. Quá tệ","0"
"Không biết ĐMX Hội Ăn lắp máy cũ của khách trả lại hay sao,mà khi giao máy thấy dàn lạnh dán băng kéo tùm lum,lá nhôm có dấu hiệu móp méo giống đồ cũ của khách hàng đổi trả,Chạy mấy ngày thì thấy trong dàn nóng phun ra một đống hạt llâms tấm đen như phân của con gián","0"
"Máy lấp ngày 6/7/25 dàn lạnh ok, êm, dàn nóng bị rỉ nước, gọi tổng đài bh đmx bảo máy lăp 1, 2 tháng bị v là bthuong. 2 Máy dòng khác nhà mình k bị v. Tình trạng v có bình thường k mn","1"
"Đổi máy lần 2 vẫn là hàng có vấn đề. Cục nóng cục lạnh kêu rung tường ồn không ngủ được.Mới đổi máy 10/07/2025","0"
"Rất tệ. Quá sức tệ. Đây là lần thứ 2 mua lại hãng panasonic. 1 Trải nghiệm cực kì tệ từ chất lượng đến chăm sóc viên. Máy mới mua bật lần đầu luôn không mát chỉ có luồn gió và hơi lạnh theo 1 hướng thẳng, 2 bên nóng.Thứ 2 máy chạy chế độ quiet êm ái , k quạt mà kêu rền rền ù ù nhức hết cả đâu, gây khó chịu khi ngủ.Phản hồi bên kỹ thuậtPhòng 48m3 trong khi thực tế chỉ 43m3 phòng to không làm lạnh đủ . 1hp chỉ làm lạnh được 36m3 trong khi thông số đăng bán là từ 3045m3 . PANASONIC CSKH gọi đánh giá dịch vụ,mình đáng giá không hài lòng thì kêu mình tự gọi lên tổng đài, vậy gọi gỏi ý kiến đánh giá để làm gì","0"
"Cục nóng kêu to ... cần khắc phục","1"
"Cục lạnh giờ ồn quá ồn. Hãng vào bảo hành hoài tình trạng máy không hết lỗi. Đề nghị cửa hàng làm việc lại với hãng và tôi muốn đổi sản phẩm khác, không theo dõi thêm nữa hãng trì truệ kéo dài thời gian quá trời. Có cả video sản phẩm ồn mà hãng cứ bát bỏ không giải quyết","0"
"Quá tệ, cục nóng kêu rất to, tôi muốn đổi sản phẩm khác","0"
"Mới mua 12tr nay giảm còn 10tr","1"
"Chất lượng thì ok, nhà mình có mua 3 con pana rồi.Lần này mua xong, lắp xong, xem lại trên shopee mall của panasonic giá 9.5tr, miễn phí công lắp đặtGiá chênh quá, bảo hành hãng như nhau.","1"
"Máy mới lắp mà vẫn nghe ồn ở 2 dàn","0"
"Mới mua dk 1 tuần thấy êm ái ,lạnh ok","1"
"Em mới lắp đặt hôm qua, mà sao máy kêu to quá rất khó chịu, làm lạnh lâu","0"
"Qua tìm hiểu thì tôi mới bít là khi lắp phải hút chân không đường ống trước khi xã khí gas của máy nén.mấy a thợ bên dmx h làm ẩu quá không làm đúng quy trình lắp gì hết.mọi ng nên chú ý nha","1"
"Inverter nhưng cục nóng đủ lạnh thì tự ngắt ln kiu thợ bảo hành thì nói bình thường mn Sài dòng này có giống như e k ạ","1"
"sao 20ngay su dung thay êm","1"
"Nhân viên lắp đặt hút chân không chỉ có 3 phút, tôi hỏi tại sao hút nhanh vậy thì nhân viên không trả lời, tôi mới lắp ngày 1352025","1"
"Thợ lắp đặt của đmx chán không muốn nói 1đ dành cho thợ","1"
"Sao không thấy nhân viên điẹn máy xanh hút chân không.","1"
"Máy lạnh mua ngày 04/01/2025 đến nay khi bật máy lạnh mức gió 4 và 5 thì cục nóng bị rung tường, có âm thanh rất khó chịu. Tình trạng này vẫn chưa giảm, tôi cần hỗ trợ bảo hành.","1"
"Mua 5m ống đồng. Thợ lắp chưa đến 3m. Lạy mấy bố điện máy xanh thật","0"
"Quá tệBật 21 độ về đem cũng k lạnh. Nhân viên kiểm tra thì đổ lỗi do nhà nóngTrong khi 2 3giờ sáng nóng ở đâu k biếtChịu mất phí 20% sợ tới già","0"
"Máy mua ngày 02.05.2024 đến ngày 03.05.2025 Vừa qua 1 ngày hết hạn bảo hành thì máy lỗi Timer check lỗi H17,H19","0"
"Sau điều khiển lúc thì nghe tiếng bíp lúc lại không nghe, nhiều lúc chỉnh nhiệt độ không biết máy có nhận được lệnh hay không luôn. Không hiển thị nhiệt độ trên thân máy hơi bất tiện. Chỉnh xong thấy im ru chả nghe tiếng bíp gì cả . Có lúc thì lại nghe được 1 cái.","1"
"Nhân viên lắp đặt vẻ vời quá không theo ý chủ nhà.... Máy thì hơi ăn điện nha ae","0"
"Sau khi được dmx bảo hành đổi mới máy cùng loại, máy chạy rất êm không còn rần tường, quạt cục nóng cũng êm hơn máy trước ko biết do lỗi ở thợ lắp hay do nhà sản xuất. Dịch vụ bảo hành tốt, xử lý yêu cầu nhanh, chỉ cần trao đổi online không cần mình chạy đi chạy lại. Về chất lượng, máy chấm theo những ngày đầu sử dụng được 4 sao còn về lâu dài thì chưa biết, dịch vụ 5 sao, thợ mặc áo dmx 5 sao.Nhân viên nhiệt tình, thợ dmx cũng nhiệt tình.Mà tốt nhất mọi người nên yêu cầu dmx điều thợ của dmx ráp nha, thợ có áo của dmx đó.","1"
"Cục nóng quá ồn","0"
"Nhân viên phục vụ chu đáo.mấy hoạt động ok lắm nha","1"
"Mua máy này cùng lạnh thì đúng mã hàng, cục nóng thì sai mã hàng mã hàng cũ rẻ tiền hơn khi lắp đặt cũng ko thấy hút chân không Đúng nản","0"
"Cục nóng kêu hơi to dịch vụ tận tâm của Điện máy xanh hiện nay hình như không tận tâm như trước kia không có tổng đài gọi điện để nắm bắt tình hình việc nhân viên có lắp đặt như cam kết hay không mình mua máy lạnh về lắp đặt thiếu hai ốc vít sau chỉ có hai ống vít trước lắp ke cũng bị lệch không biết có bị rơi xuống hay không","1"
"Nhân viên phục vụ chu đáo. Máy hoạt động tốt","1"
"Máy ồn","0"
"Trải nghiệm cũng như của những người từng mua và sử dụng, điều hoà luôn bật nhưng làm lạnh thì ngẫu hứng, trong 1 tiếng thì lạnh toát được 10p, còn lại nóng hầm hầm","0"
"Minh mơi lăp ngay 31/10/24. Đên nay 7/11/24 qua vai ngay sư dung cam nhân may không đươc lanh du bât 2526 đô. Cam thây không hai long","0"
"co mình hỏi minh co lắm máy lạnh mới đây có tặng 5m ống đồng và còn dư 1,5m vậy mình nhận phiếu giảm giá hay là mua hàng được giảm giá mình mua hàng còn dư ong đồng mà k ai liên hệ","1"
"Máy kêu rất ồn dù mới lắp đặt hơn 1 tháng, ít sử dụng. Đề nghị ĐMX liên hệ hỗ trợ ngay","0"
"Quá tệ DMX giờ toàn bán hàng lỗi, mua xong không sử dụng được ngày nào, cục nóng vs lạnh không hoạt động, giờ nhân viên báo thu máy lại phí 10%","0"
"Mới lắp 2 ngày cục nóng kêu to, bị chảy nước. Cục lạnh làm lạnh chậm, bật chế độ powefull kêu to.","1"
"Bán hàng kém chất lượng. Bảo hành lâu không trách nhiệm,","0"
"4/10/2024Máy mới mua 3 tháng máy hết lạnh kêu dô kiểm tra,xong vệ sinh láy 150k,,,vãi cái hãng panasonic này,,hối hận khi mua máy tại nơi này,,hãng này,,tệ......","0"
"Máy kêu Tiếng lớn ồn, làm khó ngủ","0"
"Mới mua hồi tháng 3 lúc mình mua kêu có tặng 2 lần vệ sinh máy lạnh, mà cái máy mới kiểu gì cục nóng nó kêu y như cái xe tăng chạy vậy đó, gọi điện vô thay thì đổi hàng mới cho mình. Tới tháng 9 gọi cho mình thì kêu vệ sinh 150k , do đổi lại máy nên k tặng 2 lần vệ sinh máy lạnh nữa. Mua đồ từ hồi đó tới giờ ở ĐMX k, hồi đó dịch vụ đỉnh lắm bây giờ sao đó suy nghĩ lại rồi sau này có mua đồ điện tử thì thôi đành mua chỗ khác .","0"
"Cho hỏi vì sao tôi để chế độ cool 27 độ mà lúc đầu máy chạy lạnh, tới khoảng tầm 23 h sáng là rất nực, tới mức đổ cả mồ hôi","1"
"Sau thời gian dùng máy lạnh, mình nhận xét thấy cục nóng kêu to kinh khủng như trực thăng, về phần làm mát thì làm mát 1 chỗ dù phòng mình nhỏ, đã vậy thời gian mình sử dụng từ 21h tối tới 5h sáng là đã tắt nhiệt độ 28 độ C nhưng tiền điện cao không thấy tiết kiệm điện dù mình mua loại tiết kiệm điện và dùng ít mà tốn quá, đã vậy cục nóng không làm dây tiếp đất để người nhà mình leo lên mái nhà thì vô tình đụng giật điện, mình đã gọi cái thợ lắp đến xem lại nhưng hẹn rồi không đến, và mình cũng lên đmx để nói chuyện thì bảo để đặt lịch hẹn bảo trì nhưng rồi cũng không thấy đến, rất là không hài lòng về sản phẩm","0"
"Máy chạy êm.","1"
"cũng mới mua , máy lạnh panasonic ở DMX ,nhân viên lắp đặt quá tệ,, quấn si ống đồng kiểu sợ hết hay sao á,, quấn si thưa rỉnh, lắp đặt thì, không biết máy lạnh người ta mua bằng lá mít hay sao , lắp dàn lạnh làm như kiểu đồ bỏ đi hay sao,, làm đùng đùng, quấn si chưa sài đã rách dó lúc lắp đặt rồi.. bèo quá bèo","0"
"A nhân viên quá tuyệt vời, mới lắp cái máy lạnh xong, lắp trong mưa luôn, nhiệt tình nhẹ nhàng 10 điểm, còn máy lạnh thì mới lắp xong đợi kq","1"
"Máy lạnh chạy êm, làm lạnh nhanh đáng để mua nha","1"
"Máy lạnh rất tốt chậy êm. Nhân viên lắp đặt gọn gàng, nhanh, sạch nhiệt tình","1"
"OK","1"
"Rất ok","1"
"Rất tốt","1"
"Nhân viên lắp đặt không hút chân sau khi lắp máy lạnh liên hệ tổng đài thì đôi co có bằng chứng đã hút nhưng không hút nói mãi mới cho người qua hút. Trên máy có mã QR để kết nối wifi cũng bị nhân viên xé bỏ thật sự rất thất vọng với cách làm việc của nhân viên lắp đặt.","0"
"máy lạnh nhanh và sâu, mới dùng thấy OK","1"
"Sản phẩm tốt tiết kiệm. Nhưng phần dịch vụ bảo trì quá tệ. Mình mua từ đt tv tủ lạnh máy giặc điều qua mua dmx. Nhưng lần này dv càng ngày càng tệ. Tệ hãm hại. Báo điều hoà bị đổ mồ hôi đường ống đồng 12l đầu có xuống kiểm tra. Lần1 xuống kt nhìn tới nhìn lui ko khắc phục dc gì. L2 xuống chỉ quắn lại thêm vào đường óng cũng ko khắc phục dc. Mình điện lên nhiều lần nữa mới dt l3 kêu mình mua này mua kia. Ủa đâu phải lỗi của mình. Rôi đưa đẩy nói bên hãng bên nàu bên kia rồi ko thấy xuống luôn. Giờ điện thì hẹn tới hẹn lui để giải quyết. Mua bửa 30/6 mà báo khắc phục từ 136 đến hiện tại bh là 317 hẹn tới hẹn lui cứ điện lên thì hẹn 2 ngày 3 ngày. Rồi nước vẫn rỉ ướt cả nền nhà.nhà có bé nhỏ nữa chứ. Đi trơn té. Máy này là máy cuối cùng mình mua bên dmx ko thêm lần nào nữa","0"
"Mình có phiếu giảm giá 350k khi mua đơn hàng tiếp theo có thời hạn trong bảo lâu ko shop","1"
"Sao mấy tuần sử dụng cảm thấy rất ok, máy đẹp, đủ độ lạnh, máy êm nhân viên ai cũng dễ thương.","1"
"Ok","1"
"Máy chạy êm, làm lạnh tôt và tiết kiệm điền, cảm thấy rất hài lòng","1"
"Máy lạnh dùng ổn, mát sâu, lạnh nhanh","1"
"Tôi đã mua sản phẩm này, khi gắn lên tường trong phòng phát tiếng kêu như máy xay lúa,tôi có gọi trung tâm bảo hành đmx, cũng chả giải quyết được gì, họ bắt di dời máy và bắt phải trả 4trăm ngàn tiền công. Quá thất vọng","0"
"Rất tốt","1"
"Rất tốt","1"
"Tới hiện tại gần 1 tháng thì vẫn ổn tốt, chạy êm, mát mẻ nè, có tiết kiệm điện nên ok","1"
"Sao cục lạnh phát ra tiếng ồn mới mua chưa được tháng","1"
"Êm ru mát dịu.","1"
"Máy dùng được 3 tháng... cục nóng không quá ồn so với dòng Daikin..","1"
"Làm lạnh quá chậm","0"
"Cục nóng khá ồn","1"
"Máy chạy êm, đã mua 2 cái","1"
"không biết do lúc lắp hay vận chuyển mà nhìn dàn lạnh bị vênh","1"
"Tốt, nhưng thợ lắp khoang 3 lổ tường lấy 100k /lổ tường 20cm là sao vậy","1"
"Thợ lắp ráp rất không có tâm. Eke có 4 lỗ mà chỉ bắt 3 con vít dẫn đến máy rung tường rất nhiều.l dù mình đã có y kiến Ống nước thoát để rất ngắn. Gió nó bắn nước qua cửa .Khoan rút lõi nói là nhét đất sét cho mình yên tâm. . Hôm nay kiêm mới tá hỏa là chỉ nhét 2 miếng xốp. Phần máy lạnh với bên bán hàng thì ok..","0"
"Mát yếu ớt. Chỉnh đảo gió phiền phức, chọn chế độ auto thì nửa tiếng đảo được một lần. Trải nghiệm không hài lòng. Không có kết nối wifi với điện thoại được luôn.","0"
"Mới dùng thấy ok","1"
"May êm mat và không hôi","1"
"Máy lắp mới, bị trục trặc, kêu ở cục nóng nhiều. Bảo hành 2,3 lần nhưng hiện chưa ổn. Nhà tạm ngưng sử dụng chờ bảo hành tiếp theo.","0"
"Sử dụng ổn","1"
"Cục nóng kêu to, gây tiếng ồn lớn nên ảnh hưởng tới giấc ngủ.","0"
"Rất hài lòng.","1"
"Cũng được nhưng cục nóng hoạt động phát ra tiếng ồn khá lớn","1"
"Cục nóng chạy hơi ồn so với các hãng khác","1"
"Máy chạy tốt, êm dịu","1"
"Cục nóng ồn dã man đêm kêu rung tường luôn mà nv tư vấn dòng này êm ái các kiểu, mới lắp 3 ngày ồn quá kêu thợ tới sửa cũng như không, nay kêu như máy cày luôn, né dùm.","0"
"Mới lắp 2 chiếc, lúc đầu định lắp hãng Daikin nhưng nhân viên ĐMX tư vấn sang hãng Panasonic. Mới lắp thấy ok làm lạnh nhanh, được tặng 5 m ống đồng vật tư và phí lắp đặt, 5m ống đồng nhưng chỉ dùng khoảng tối đa 3m nhưng k thấy trả lại tiền, nv tư vấn nhiệt tình","1"
"Không thể kết nối điện thoại kể cả nhân viên đmx hỗ trợ trước mắt tạm ổn chấp nhận được mới lắp chưa có nhiều chải nghiệm thời gian mong tương xứng giá tiền bỏ ra","1"
"Ok máy lạnh sâu","1"
"Ok","1"
"tốt","1"
"Sao cảm thấy cục nóng ồn nhen ...","1"
"Máy lạnh khởi động lâu, làm lạnh rất chậm, chỉ mát 1 chỗ k mát xung quanh, không xứng đáng với số tiền bỏ ra.","0"
"Mình mới mua được 3 tuần máy chạy thì ok êm nhưng mình cảm là chỉ mát 1 chỗ xung quanh thì ko mát nha ko hiểu","1"
"Không mát tý nào, người kĩ thuật đã đến kiểm tra máy không vấn đề Nhưng cảm thấy máy này dùng k mát Rất tệ","0"
"Máy lạnh thì khỏi chê rồi.mà có 1 điểm yếu là khi máy đề ba bơm ga làm lạnh thì là ối dồi ôi cục nóng run mà làm nhà mình run theo như động đất.mình khuyên ai muốn lấp may lạnh ko nên bắt lên tường nhà.máy chạy run ghê lắm","1"
"Mình mua cho mẹ ở quê, nên chát zalo để được tư vấn trước để xem có phát sinh gì để mẹ biết trl tư vấn rất nhanh, và chu đáoMình đặt tối ngày 24.5.2024, hẹn 2h chiều 25.5.2024 đến lắp DXM cử nhân viên đến sớm hơn 2h luôn rất OkThợ lắp xong, kiểm tra Ok mới rời về, 2 tuần sau để mẹ sử dụng ntn mình sẽ đánh giá lại, lần này về dịch vụ rất Ok nhé mn","1"
"Hiện tại thì thấy lạnh êm, chỉ có điều thỉnh thoảng mình lại thấy tiếng kêu tạch 1 nhát hoặc rắc 1 nhát ở dàn lạnh, không biết hiện tượng này có bình thường không","1"
"Mh mới gắng nhưng hình như chưa có biểu hiện jk khác thường. Chắc mh gặp bạn thợ nhiệt tình và làm việc có tâm.","1"
"Máy chạy êm không ồn","1"
"Máy mình mới mua về bật 28lạnh run người sau 15 ngày thì ko thấy lạnh nữa phải bật xuống 21 mới lạnh ,mình mới gọi số tổng đài để bảo hành thì hẹn máy ngày sau liên lạc mà đến giờ gần 10 ngày ko thấy đâu, thất vọng về cách làm việc của hãng này quá","1"
"Máy lạnh chạy êm, lạnh sâu, k hao điện, sd đc 2 tuần r thấy ok","1"
"San pham tot","1"
"Máy chạy im re, làm lạnh dịu, cám ơn nhân viên lắp rắp quá nhiệt tình.","1"
"Lúc đầu mình đọc thấy nhiều ae đánh giá cục nóng rất ồn, nhưng ko tin đến lúc mua về dùng thì mới biết, chạy chả khác gì máy bay,dây đồng dài 5m mà nằm phòng kín nghe ầm ầm ko ngủ đc, mua nửa tháng thì cục lạnh bị lỗi, khuyên ae ko nên mua, bỏ ra số tiền ko nhỏ để mua máy cho tốt mà ko ngờ quá tệ","0"
"Xóa tk xong đăng ký lại tk mới h chờ phê duyệt ko vậy ad","1"
"Lắp máy bị lỗi rò nước","0"
"Tôi không thể đăng kí bảo hành điện tử được ở sản phẩm này.","1"
"Nhân viên lắp đặt vui vẻ nhiệt tình làm kỹ,máy lạnh ngày đầu ok ,hy vọng những ngày sau vẫn tốt và ok","1"
"Sản phẩm chạy êm, lạnh nhanh","1"
"Nhân viên lắp quá tệ để nguyên dây chờ thế để lắp chinh giữa mà lắp qua 1 bên để đỡ tốn dây đồng","0"
"Tạm thời là ổn áp","1"
"Máy mới vừa lắp xong ngày 11/5/2024 đã ồn như máy xay lúa, Điện máy xanh đã đến kiểm tra nhưng đến ngày hôm nay vẫn còn hẹn đến ngày 19/5. Lúc ráp thì ráp liền nhưng lúc bị trục trặc thì lèn èn đổ lỗi đủ thứ. Đề nghị Điện máy xanh giải quyết, xử lý dứt điểm gấp cho tôi, không muốn vì cái máy lạnh mà phải đau đầu, hẹn rày hẹn mai rồi để khách hàng phải chờ đợi.","0"
"ok","1"
"Máy lạnh Panasonic này từ lúc tôi mua đến giờ không sử dụng được. Ngày đầu tiên lắp đặt xong đã không chạy được. Máy báo lỗi. Điện máy xanh đã đổi trả máy lạnh mới. Tuy nhiên tiếp tục lỗi không lạnh dàn nóng chưa đủ nhiệt độ lạnh cài đặt đã tắt, không chạy. Tôi liên hệ điện máy xanh để được giải quyết, điện máy xanh đã liên hệ với hãng xuống kiểm tra máy lạnh, tuy nhiên vấn đề chưa được xử lý, hãng panasonic đã xác nhận lỗi board mạch dàn nóng, hãng có khuyến cáo rằng model tôi đang sử dụng thường xuyên gặp vấn đề này. Tôi đã gọi đến tổng đài bảo hành của điện máy xanh nhiều lần nhưng đến nay vẫn chưa nhận được sự hỗ trợ đổi trả trong tháng đầu tiên của sản phẩm khi xảy ra lỗi theo cam kết của điện máy xanh. Đề nghị giải quyết vấn đề đổi trả của tôi. Nếu model này lỗi liên tục như vậy, thì điện máy xanh cần hỗ trợ khách hàng đổi sang model khác có thể dòng model cao hơn khách bù tiền thêm sự chênh lệch, hoặc của hãng khác. Chứ thật sự tôi rất mệt mỏi, và cũng không có thời gian công sức đổi trả thế này trong tương lai nữa. Chưa kể, nếu qua 1 tháng đổi trả đầu tiên của điện máy xanh mà không xài được máy lạnh này, tôi buộc lòng phải mất trắng đi số tiền mà tôi đã bỏ ra để mua được 1 sản phẩm lỗi, không sử dụng được dù chỉ là 1 ngày. Hoặc mất 20% phí thu hồi lại từ điện máy xanh liệu rằng có hợp lý Vui lòng xem hình ảnh chi tiết phiếu kiểm tra sản phẩm từ hãng panasonic cho trường hợp này.","0"
"Mình vẫn xài tốt, êm, không nghe ồn gì, chắc là tùy thợ có tâm rồi, cảm ơn rất nhiều nhé, mình gắn dc nửa tháng rồi máy chạy êm oke lắm. Thợ cũng nhiệt tình. MÌNH Ở MỸ HÒA MỸ LẠC THỦ THỪA.","1"
"Sản Phẩm sử dụng tốt Nhân viên hướng dẫn chu đáo.","1"
"Máy hơi ồn, mà ham mới nên chịu thôi.","1"
"Máy rất ok","1"
"Nhân viên kỹ thuật rất tệ, làm ẩu, lắp đặt k đúng ý khách hàng, làm k hỏi kỹ khách hàng lắp sai chỗ, giao hàng trễ, đấu sai điện tắt đèn tắt luôn CP máy lạnh. Cần đào tạo lại nhân viên, trải nghiệm thật sự rất tệ, lắp sai vị trí nên ảnh hưởng đến chất lượng cuộc sống của khách hàng","0"
"Máy lạnh nhanh nhưng cục nóng ồn khủng khiếp. Đọc nhiều đánh giá trên đmx cũng bảo ồn. K biết cục nóng ồn là do có vấn đề hay máy này ồn như vậy. Nếu thật sự ồn như zay thì khuyên mn k nên mua","1"
"Hiện tại thì ok","1"
"Máy lạnh hiện tại mát","1"
"remote hẹn giờ ngủ không được","0"
"Mih moi gắng chạy êm và lạnh lắm nhen moi nguoi","1"
"may tốt","1"
"mình nghĩ các bạn nên đào tạo lại đôi ngũ lắp đặt lại tốt hơn và chuyên nghiệp hơn và chung thực hơn chứ mình thấy hiện tại quá tệ mình thấy quá thất vọng.","0"
"khi hẹn h mở mà chưa đúng h máy lạnh đã tự mở thì bị gì vậy","1"
"Làm lạnh nhanh, cục nóng hơi ồn.","1"
"Okay tốt","1"
"Điều hòa mới lắp chảy nước liên hệ thì hẹn tới hẹn lui hôm qua giờ không có ai đến. Rất bực mình","0"
"Máy khi mới khởi động ồn không khác máy gạo.","1"
"Máy lạnh khi chỉnh nhiệt độ lên xuống bị ù như máy bay trực trăng . Mong hỗ trợ kỹ thuật gọi lại","1"
"Máy lạnh sâu, lạnh nhanh","1"
"Ok","1"
"Mới dùng chưa đc 1 tháng. Tạm ổn","1"
"Phòng kích thước 2.4m x 3.6m x 3.2m, chưa đến 15 mét vuông, chiều dài ống đồng là 6.5m. Cài 16 độ để test tải của máy khi phòng không người trong 2 ngày liên tiếp, chạy suốt 4 tiếng đồng hồ vẫn không xuống nổi quá 25 độ. Nhiệt độ phòng chỉ xuống khi không gian bên ngoài giảm do trời mưa. Đã báo kỹ thuật của Điện máy xanh kiểm tra nhưng đã kiểm 2 lần vẫn không ra lỗi, Phải chờ lằng nhằng đến kỹ thuật của hãng Pana qua 1 lần nữa.Cực kỳ không thích trải nghiệm mua hàng lần này","0"
"remot hiên thi 1200 chơp chơp hoai la bi thư thê nao . co phai lôi ko . thank","1"
"Máy làm nóng rất tốt. Phù hop với ai thich ko khí nóng. Mình cứ tuỏng là máy lạnh ai ngờ nó là máy nóng nha ca nhà. Nó phà ra hơi nóng luôn, nhưng ki thuât panna khẳng đinh do phòng thể tich 43 m khối, và ống đồng 2,5 met nên máy ra hơi nóng. Khuyên chân tình mọi nguoi cân nhắc hang pannasonic ko thì sẽ bỏ ra hơn 10 triệu để mua 1 trải nghiệm chăm soc khach hàng thô thiển nhất mà ming tưng gặp. CHÊ NHA","0"
"cục nóng không có chân đế cao su máy rất rung và cực kỳ ồn, rất là ồn chất lượng quá tệ so với tầm giá ở trong phòng mà nó ầm ầm luôn lam phong trần nhà kêu mún bật ra vậy đấy","0"
"Hơi ồn","1"
"Dùng tốt","1"
"Ok","1"
"Gọi bảo hành thì toàn máy bận, mua máy lạnh để làm mát mà trong 15 ngày máy có vấn đề hẹn 4 ngày sao mới đến để xử lý, trong khi mua bán thanh toán đâu có chậm vậy Quá chán trong cách cskh","0"
"Ok","1"
"Sản phẩm này tốt lắm, máy chạy êm ru, làm lạnh nhanh nhà mình chỉ để chế độ ở 26/27 là mát lạnh luôn","1"
"Nước chảy từ ống máy lạnh ra khoảng 3 tiếng hơn 1lít nước thì máy có vấn đề gì không ạ","1"
"Tốt nha","1"
"Mua đề là tặng 5m ống đồng mà lắp có 2.5m trong khi tối thiểu là 3m. Cần lời giải thích với 2m5 còn lại vs lại giờ tôi cần dời vị trí thì 2m5 còn lại này tính sao","0"
"Hàng ok","1"
"Máy mới mua về không lạnh kêu bên lắp đặt thì kêu hãng kiểm tra thì báo xì gas do bên lắp đặt.Lằng ngoằng 2 bên rồi máy mới mua thì tháo ra kiểm tra tùm lum tùm la muốn banh máy mới.Rồi không biết có được đổi máy mới k nữa.Thiệt tình chán dmx vô cùng, thất vọnggggg","0"
"Hàng thì tạm ổn . Chứ cũng kg đc như mong muốn. Chỉ có điều nhân viên lắp đặt Không trung thực . Mình kg sài đến sipi. Dư mình để lại làm việc khác mà nhân viên lắp lấy luôn. Nhắn trả lại đmx mà im luôn .số này xxxx651065 dv tận tâm đó. Chán. Kg đáng nhiêu mà thất vọng vô cùng","1"
"Làm sao để kết nối wifi cho máy lạnh","1"
"nhanh lạnh máy k ồn, có đều k ngay hướng gió thaấy ít mát","1"
"Bịp. Đơn từ 20/4. H mới hỏi. Bấm vào bình luận thì báo hết hện. Nhân viên lắp đặt làm việc kém thẩm mĩ. Còn lười hút chân không. Đợi nhắc mới làm. Đường ống 5m. Mà lắp ko đc 3m. Rồi còn bảo 3m5. Làm ăn ko trung thực. Ko tận tâm. Chỉ mất khách. Qua loa lắm.","0"
"Máy lạnh mới mua được 03 ngày, dù đã bật 16 độ nhưng hơn 2 tiếng thì phòng vẫn 31 độ, liên hệ bảo hành thì lúc đầu hẹn 18h cùng ngày, qua 18h vẫn chưa thấy ai gọi, liên hệ lại thì báo chưa nhận được thông tin rồi lại hẹn qua 18h ngày sau. Cách phục vụ quá tệ, Yêu cầu điện máy xanh xem lại cách làm việc","0"
"Mới mua mà remote bị trầy xước, quấn thì không kỹ, lổ thì không trám dùm. Quá tệ","0"
"Máy mua ngày 3/4 tới nay chưa đầy 1 tháng bật 18C chế độ cool nhưng vẫn không thấy lạnh. Cái máy Panasonic phòng kế bên mua cả năm bật 25C là đã thấy lạnh. Cảm thấy thất vọng","0"
"Tốt","1"
"Sản phẩm chưa dùng chưa biếtNhưng thái độ phục vụ càng ngày càng tệMua hôm nay thì hứa hôm sau lắp lúc 14hXong chờ tới 14h rồi 15h 16h mình phải liên hệ cho nhân viên tổng đài, nhân viên tỏ vẻ bất ngờ rồi nói sẽ kêu hỗ trợ mình tới 19hVà kết quả là không có lắp đặt hay bất kể 1 thông tin nào đến khách hàng... không làm thì cũng thông báo ta tiếng chứ có đâu làm ăn tệ vậy, khách hàng phải chờ đợi mà k biết tới khi nàoDịch vụ tệ","0"
"Sản phẩm quá tệ,bảo hành thì ko có trách nhiệm kiểm tra qua loa xong báo máy ko s. Khách hàng chịu trả hàng mất phí 20% thì ko cho người đến tháo chậm trễ.","0"
"Máy mới mua vừa lắp đặt đã bị lỗi không sử dụng được","0"
"Cục nóng ồn quá","0"
"Rất tốt","1"
"Vấn để không nằm ở sản phẩm nha mọi người. Máy xài rất ổn. Trừ việc, mình mua ngày 26, 27 mới lắp thì khuya 27 có chuyện rồi. Đi làm về thấy rơi ống ướt nhà với nệm là thấy điên máu rồi do bên phía lắp đặt cẩu thả và bị rơi ống như này hai lần. Trời nóng điên mà báo sẽ cho người đến kiểm tra trước 18h ngày 30/4. Mình điện cho CS thì nhân viên hay quản lí cấp cao hơn cũng giữ một đáp án.. Nhắn tin zalo cho chi nhánh trường chinh Q12 cũng không thấy ai điện ra take care hết. Đây là sai sót của bên phía ĐMX nhưng như vầy có phải đang đẩy ngược lại cho phía khách hàng không","0"
"Tối đầu tiên nước chảy ở ống, ngày thứ hai máy chảy nước, ống cũng chảy. Gọi số tổng đài thì lúc nào cũng bận. Đề nghị đổi lại máy mới mua ngày thứ hai","0"
"Máy lắp đặt ngày đầu ok, 2 ngày sau hết lạnh. Ngày 28/4 gọi báo tổng đài, tổng đài báo nhân viên sẽ đến trước 22h ngày 30/4. Trời nóng như đổ lửa đổ dồn vào cảm xúc bực bội của người mua.","0"
"Cục lạnh không mát so với các sản phẩm cùng công suất, cục nóng kêu to như máy chà gạo, máy có chức năng kêt nối QR với thiết bị di động nhưng luôn báo không kết nối được. Gọi bảo hành ngày 28/4/2024 thì phản hồi đợi đên 02/5/2024 mới có người liên hệ. Lúc này thời tiết rất nóng. Vậy ĐMX nên xem lại.","0"
"Cục nóng kêu vs rung tiếng ồn lớn","0"
"Máy vừa lắp đặt nhưng khi kết nối wifi thì báo lỗi, đã thử qua kết nối quét mã QR và cả kết nỗi thủ công vẫn không thành công","0"
"Mới lắp cục lạnh nhỏ nước máy lạnh có mùi hôi","0"
"Mang tiếng máy pana mà cục nóng kêu như máy bay phản lực. Lại còn bị rè nữa chứ. K biết giao có đúng k thấy cục nóng 1 mã cục lạnh 1 mã","0"
"Cũng ổn","1"
"Không kết nối đc wifi lan lúc kết nối báo lỗi 1004 chả hiểu gì cả nội dung là có thiết bị 2,4 hz gì ở gần không kết nối được","1"
"Máy êm tiết kiệm điện. Thợ ráp máy ok Đmx dương cong khi hóc môn","1"
"cụt nóng ồn .rung động quá lớn","0"
"Ok","1"
"Điều hoà mua về không mát. Đã đổi cái khác nhưng vẫn không mát. Quá tệ","0"
"Mới dùng 1 2 hôm thấy ổn","1"
"Đang xài 1hp muốn đổi lên 1.5hp thì làm sao","1"
"Không ngờ luôn","1"
"Máy làm lạnh nhanh.tiết kiệm điện","1"
"Chạy êm, nhanh mát","1"
"Nhân viên đên lăp không hut chân không sau khi găn, đa co noi nhưng vân không lam.","1"
"Mua lần 1 máy lỗi cục lạnh, hãng kêu đổi máy khác, đổi sang máy khác chạy được 20 ngày bật chế độ quiet mà cục lạnh nó lên tiếng động cơ è è è, chế độ quiet mà nghe muốn khóc","0"
"cho em hỏi máy lanhj e cục nóng chạy 30 phút tắt 1 lần là bị gì ạ","1"
"Máy chạy êm, ít tiếng ồn, mọi người nên mua","1"
"Ổn áp đó bà con","1"
"Máy chạy êm, lạnh nhanh","1"
"Lạnh tốt máy chạy êm xài thấy OK","1"
"Cục nóng quá ồn. Mình mua hàng được 3 ngày thì ồn quá nên gọi bảo hành thì có bạn bên điện máy tới xem xét, chụp hình các kiểu xong về, nói phải báo cáo với trưởng nhóm.... mà ko khắc phục gì ngay lúc đó. Mình hỏi giờ làm gì để cục nóng ko kêu to chứ ồn quá ko ngủ được, thì bạn đó bảo để người lắp liên hệ sau, báo giá thì mới lắp đặt lại cục nóng chỗ khác. Rồi đi về luôn. Và mình đợi cả ngày ko thấy ai liên hệ. Trải nghiệm mua hàng ở đmx quá tệ. Khuyên thật mng nên cân nhắc khi mua.","0"
"Cục nóng ồn và rung động quá lớn","1"
"máy chạy êm ái . lạnh nhanh nhân viên thân thiện","1"
"Nhà mình có chạy sẵn đường ống ống đồng, dây điện, ống thoát nước ... nhân viên tới chỉ việc lắp thôi. Khi nhân viên tới lắp có yêu cầu vệ sinh ống đồng phí 240k thì mới được bảo hành. Nhưng vệ sinh mình thấy làm chắc cỡ 10s cầm bình ga xịt xịt nhìn rất hời hợt xịt xịt trong khi mình thấy đầu máy lạnh đã lắp nhưng xịt xịt từ phía cục nóng vô . Cảm giác như bị lừa.Nv kĩ thuật trẻ mới 21 tuổi . Làm cảm giác ko có tâm lắm. Làm xong ko dọn vệ sinh gì. Xong viết kêu mình kí như hình chụp . Nhìn viết như tờ giấy lộn.Mình có hỏi tới cái app cài trên đt để kết nối với máy lạnh. Nv bảo máy loại này đang bị lỗi nên ko chỉnh đc trên đt ko biết có phải vậy ko Nhân viên còn đấu lộn dây cơ khởi động máy hiện báo chữ Time chuyên môn có vẻ ko ok.Tạm thời máy sài ổn. Nhưng những bất cập trên mình đã chia sẻ ko biết có đúng với quy trình bên mình hay ko","1"
"Cục nóng treo tường chạy hơi ồn","1"
"Cục nóng kêu to báo anh lắp máy ảnh cho số nói gọi báo tổng đài, xong cho người xuống xem báo bình thường, mình báo lại tổng đài lần nữa hô để bên bảo hành xuống kiểm định cái đổ tại gắn vị trí đó ồn kêu gắn thêm ống đồng đem xa ra cho hết ồn với lấy tiền công 300k, lạy các thánh, ồn là do máy có vấn đề chứ mấy máy khác ta có kêu to vậy đâu.","0"
"Máy kêu to, báo bên bán thì bên bán kéo nhà sản xuất nhà sản xuất kêu bên bán lắp đặt không đúng cứ đổ qua đổ lại cả tuần nay rồi chưa thấy ai khắc phục gì hết","0"
"Trước mắt là máy chạy ổn. Nhưng khi ráp máy nhân viên đem thùng giấy về luôn nên k biết kiểm tra mã hàng thế nào xin trợ giúp","1"
"Tốt","1"
"Cục nóng kêu to","1"
"Không kết nối điều khiển bằng wifi được, không tìm thấy hướng dẫn","1"
"Mới sử dụng ,máy lạnh làm lạnh nhanh, êm ái","1"
"Làm lạnh nhanh, chạy êmCó điều máy nén chạy khá ồn","1"
"Sản phẩm ok lắm ạ","1"
"May chay êm , lanh , điêu khiên qua app nên rât tiên dung khi đi chơi vê bât tư xa trươc","1"
"máy lạnh xài ok nha mn, hơi lạnh êm, ổn. sẽ mua thêm 1 máy nữa. dịch vụ ok","1"
"Máy chạy rất êm","1"
"Sau 3 ngày sử dụng cuối cùng tôi đã kết nối được đt với máy lạnh. Nhờ nhân viên panasonic hướng dẫn đúng model máy mới thực hiện được. Tôi thấy bên dmx cần cập nhật thêm cách kết nối điện thoại và máy lạnh cho từng model máy. Chứ hướng dẫn chung chung thì không thể kết nối được. Hơn nữa nhân viên lắp đặt cho khách cũng cần phải nắm rõ vấn đề này, chứ lắp xong tôi hỏi kết nối điện thoại với máy lạnh như thế nào Nhân viên lắp đặt ngơ ngác như trên trời mới rớt xuống, xong trả lời một câu cái này em cũng không rành nữa a. Cũng đến chịu mấy anh.","1"
"Chất lượng tốt","1"
"Làm lạnh ok. Lạnh dịu công nghệ kết nối đt tiền lợi , duy nhất 1 điểm trừ là cục nóng mới chạy hơi ồn về sau mới đỡ hơn tí ..","1"
"Mát, êm","1"
"Máy lạnh ok , trời ơi cục nóng kêu như mấy chiếc tim kích phản lực SU 57 của Nga , ko xứng đáng số tiền bỏ ra","1"
"Dàn lạnh ổn. Cục nóng thì rất ồn. Để mô tả độ ồn 47 dB, thực tế chắc pải gấp 2. Mọi người cân nhắc vấn đề này trước khi mua nhé. Chất lượng nhận được không tương xứng với số tiền bỏ ra.","0"
"Ok","1"
"Máy chạy êm","1"
"Máy lạnh ô cê","1"
"Tên máy PU9AKH8 cục nóng RU9AKH, máy thì hoạt động bình thường còn cục nóng ồn ù ù bật mà ngại hàng xóm. Đặt trên điện máy xanh người lắp đặt thuê ngoài","1"
"Ok","1"
"Máy lạnh rất tốt chỉ có điều không hiểu sao mình mở máy lạnh thì cục nóng phía ngoài kêu như máy bay phản lực ầm ầm, đến cả cánh cửa trọ mình nó run điên đầu làm mình mất cả ngủ","1"
"Tốt","1"
"máy lạnh tốt. sài ổn , lạnh nhanh.","1"
"Làm lạnh nhanh","1"
"Ok","1"
"Máy lạnh nhanh,êm","1"
"Máy mới chạy êm, dễ sử dụng. Chất lượng tuỳ vào thời gian.","1"
"Tốt lắm ạ","1"
"Mát nhanh, lạnh sâu","1"
"đã sài 5 tháng.mọi người sài rồi cho mình hỏi máy lạnh sẽ làm mát cả phòng hay chỉ mát chỗ hướng ra máy lạnh thôi ạ.2 đứa con trong phòng để 25 độ đứa lạnh run đứa toát mồ hôi","1"
"Máy này ít lạnh , tôi mua dc tầm 3 tháng mà lạnh ít quá","0"
"Máy chạy êm đáng mua, anh nhân viên làm cẩn thận khoan không rớt 1 miếng bụi nào","1"
"Hàng dùng đúng hết bảo hành là hỏng, chỉ mát nhẹ không mát sâu","0"
"Nhân viên lắp đặt không lắp đặt 2 tấm phin lọc khử mùi. Đường ống đồng nhà sản xuất ghi rõ ở hướng dẫn lắp đặt tối thiểu là 2,5m. Nhưng Nhân viên lắp đặt thì chỉ để chưa đến 2m . gọi điện hỏi nhưng nhân viên bán hàng cũng không biết tối thiểu là bao nhiêu chỉ trả lời chung tối đa 5m như đã đặt hàng. Khách hàng phải yêu cầu 3m mới nối thêm nhưng nhìn cũng chưa đủ Đặt hàng ở điện máy xanh chủ yếu về trải nghiệm dịch vụ nhưng thấy chưa vừa lòng Đọc ở bình luận thấy nhiều khách hàng phản ánh. DMX nên xem xét lại để cải thiện","0"
"Tôi mới lắp 1 con cho phòng 3m x 2,5m cao 3,5m bật 28 độ mà thấy quạt chạy cả đêm không biết diện tích phòng có lớn hơn quá với công suất máy không sao hông thấy khi nào máy ngưng","1"
"Làm ăn gian dối lừa gạt khách hàng . Tư vấn bán hàng bảo hành 2 năm nhưng kích hoạt chỉ có 1 năm","0"
"Tôi mua máy lần thứ hai, máy dùng tốt lần đầu nhân viên lắp đặt rất cẩn thận và chu đáo nhiệt tình.mua lần 2 nhân viên lắp đặt quá cầu thả, làm bừa bộn không thu rọn sạch sẽ lại thu thêm tiền khoan tường để luồn ống tôi thắc mắc không hiểu kiểu gì, không hút chân không nữa nói chung nhân viên lắp đặt quá kém , quá thất vọng","1"
"Hỗ trợ m","1"
"Lúc gắn có dặn thợ hút chân không nghe anh, gắn xong thì nói hút rồi , trong khi đó thì chưa có hút","0"
"Trãi nghiệm tốt nhưng cái remot khi tắt thì màn hình trên remot không tắt và vẫn hiện số nhiệt độ như bt đang sử dụng vậy ạ","1"
"Máy chạy êm ru, nhân viên giao nhận và lắp ráp rất nhiệt tình và khéo léo. cho 5 sao","1"
"Gắn máy lạnh mà không hút chân không vậy để miễn phí lắp đặt, hút chân không làm gì. Nhắc cả 2 người đi lắp vẫn không hút chân không cho khách.","0"
"Mình dùng 2 máy Daikin ,máy trước mua 13tr dùng ok ,máy này mua giá rẻ hơn thì đương nhiên chất lượng ko bằng chỉ hơi khó chịu là gió mức 1 ,2 ,3 hơi ồn","1"
"Cục nóng máy lạnh lắp bị nghiêng sang một bên, không biết có ảnh hưởng độ bền không","1"
"Mua máy hôm 19/10, sài được 4 ngày mà máy tự động tắt 2 lần, đến ngày thứ 4 thì máy tắt không mở được, nhân viên bảo hành đến kiểm tra thì báo ko biết lí do hư, sau đó máy cứ bị chập chờn lúc mở được lúc không Yêu cầu đổi 11 thì đmx báo để cho nv bảo hành kiểm tra lại vào hôm sau","0"
"Tôi vừa mới lắp máy xong, trong combo có hút chân không, nhưng khi nhân viên lắp, thì không hút, vẫn xả gas. Hỏi thì nói hút rồi, vừa lắp dàn lạnh xong, tôi ra xem dàn nóng thì nói hút nãy giờ Tôi không biết kỹ thuật hút chân không kiểu gì, học trường lớp ở đâu ra, khi mà vừa lắp xong dàn lạnh, ra xem thì báo hút rồi, rất bực, làm ăn kiểu chợ trời. Gas 32 gặp oxy đủ điều kiện thì sẽ nổ, vậy mà nhân viên kỹ thuật không biết gì về kỹ thuật. Tôi đăng lên để người sao tôi biết, mà đề phòng.","0"
"1 cho chất lượng của thiết bị, tôi mua 2 máy, mới lắp đặt hồi tháng 5, mà giờ remote không hiển thị đã thay pin , dàn nóng không hoạt động, dàn lạnh không mát, mua máy mới mà tưởng đâu mua hàng lỗi đỗi trả, mua cho người lớn tuổi sử dụng mà chưa gì hư như này thì nói lên vấn đề máy của hãng rất tệ thua hàng Trung Quốc, làm mất uy tín cá nhân với người thân, mất thời gian","0"
"Máy mua 22/8 sd ngày đầu ít mát.cố gắng sd đến 7/9 có hiện tượng tự ngắt sau 12h mở. Chỉnh 16 mà mát như 26. Gọi bh thì lại xem rồi chuyển cho hãng.hãng thì hẹn hò.sài chưa đc 1 tháng y/c 1 đổi 1 thì tổng đài báo chỉ chờ bảo hành. Chán chưa từng có.","0"
"Máy êm. Đáng tiền bỏ ra. Giao hàng nhanh. Tuy nhiên nhân viên lắp máy chưa cẩn thận lắm.","1"
"Hàng chuẩn","1"
"Mới đầu mát","1"
"Rất tốt và tuyệt vời","1"
"Tôi có mua điều hoà Daikin cách đây 1 tháng, tối nay nhà tôi nằm ngủ thì điều hoà rơi xuống rất may là không có ảnh hưởng đến con người nhưng rất nguy hiểm về điện và về đường ống lí do là do khi lắp đặt thợ chỉ khoan vài con vít để cố định điều hoà trên tường trong kho điều hoà rất là nặng, nhân viên bên này làm quá ẩu , quá coi thường khách hàng, mua sản phẩm nhưng nhận lại sự thất vọng và nguy hiểm cho bản thân và gia đình. Điều hoà giờ chảy nước không biết có bị rò rỉ gas hay gãy ống đồng hay không. Đây là lần cuối tôi mua hàng ở đây,khắc phục sớm cho tôi.tôi sẽ đưa hình ảnh chụp lên đánh giá để chứng minh","0"
"Máy lạnh tốt, làm lạnh nhanh, ko ồn, tiết kiệm điện.","1"
"Tuyệt","1"
"máy sử dụng được","1"
"máy làm lạnh tốt","1"
"máy hoạt động tốt","1"
"máy xài tốt","1"
"máy làm lạnh tốt","1"
"máy lạnh tốt","1"
"máy làm lạnh tốt","1"
"máy làm lạnh tốt","1"
"máy làm lạnh tốt","1"
"máy lạnh sử dụng êm, tốt","1"
"máy làm lạnh tốt, chạy êm","1"
"Máy lạnh tốt","1"
"Máy lạnh tốt","1"
"Máy lạnh tốt","1"
"máy lạnh sử dụng tốt","1"
"máy lạnh tốt","1"
"máy lạnh sử dụng tốt","1"
"Nhân viên lắp đặt kém quá dàn lạnh hở quá nhiều tặng được 2 miếng lọc vi khuẩn mà không có lắp vào dàn nóng thì không có cái gì để cố định dây đồng vào làm song không vệ sinh lau chùi gì ở dàn lạnh bị dính rất dợ mất vệ sinh.... rất thất vọng cho 1 sao","0"
"máy lạnh tốt","1"
"máy sử dụng tốt","1"
"Máy lạnh tốt","1"
"máy xài tốt","1"
"máy lạnh ok","1"
"máy sử dụng tốt","1"
"Máy lạnh tốt","1"
"máy lạnh tốt","1"
"máy làm lạnh tốt","1"
"máy lạnh tốt","1"
"máy làm lạnh tốt","1"
"máy sử dụng tốt","1"
"máy lạnh ok","1"
"máy sử dụng êm","1"
"máy lạnh êm","1"
"máy lạnh tốt","1"
"máy làm lạnh tốt","1"
"máy lạnh tốt","1"
"máy lạnh sử dụng tốt","1"
"máy làm lạnh tốt","1"
"Máy lạnh tốt","1"
"máy lạnh ok","1"
"máy xài tốt","1"
"máy lạnh tốt","1"
"máy lạnh tốt","1"
"máy lạnh tốt","1"
"máy lạnh ổn","1"
"Máy lạnh tốt","1"
"máy lạnh sử dụng êm, tốt","1"
"Máy lạnh tốt","1"
"máy lạnh sử dụng tốt","1"
"máy lạnh được","1"
"máy lạnh sử dụng tốt","1"
"máy chạy êm, làm lạnh nhanh","1"
"máy ok","1"
"máy lạnh tốt","1"
"máy êm, làm lạnh tốt","1"
"máy lạnh sử dụng tốt","1"
"máy lạnh tốt","1"
"máy xài ổn","1"
"chất lượng sản phẩm tốt, độ lạnh tốt","1"
"máy lạnh tốt","1"
"máy lạnh sử dụng tốt","1"
"máy xài tốt","1"
"máy lạnh sử dụng tốt","1"
"máy lạnh tốt","1"
"máy lạnh sử dụng tốt","1"
"máy lạnh sử dụng tốt","1"
"máy lạnh ok, được","1"
"máy lạnh sử dụng êm, tốt","1"
"máy lạnh sử dụng tốt","1"
"máy lạnh sử dụng tốt","1"
"máy chạy êm, k ồn","1"
"máy lạnh tốt","1"
"máy sử dụng tốt","1"
"máy làm lạnh tốt","1"
"máy sử dụng tốt","1"
"máy làm lạnh tốt","1"
"máy làm lạnh tốt, êm","1"
"máy lạnh tốt","1"
"máy lạnh tốt","1"
"máy lạnh tốt","1"
"máy làm lạnh tốt","1"
"máy lạnh sử dụng tốt, chạy êm","1"
"máy lạnh tốt","1"
"máy lạnh sử dụng tốt","1"
"máy lạnh tốt","1"
"máy lạnh tốt","1"
"máy làm lạnh tốt","1"
"máy lạnh sử dụng tốt, chất lượng","1"
"máy làm lạnh tốt","1"
"máy lạnh tốt","1"
"máy lạnh làm lạnh tốt","1"
"máy lạnh chạy tốt","1"
"máy sử dụng tốt , tiết kiệm điện","1"
"máy chạy êm, làm lạnh tốt","1"
"máy làm lạnh tốt","1"
"máy chạy êm","1"
"máy làm lạnh tốt","1"
"máy làm lạnh tốt","1"
"máy lạnh tốt","1"
"máy lạnh tốt","1"
"máy lạnh sử dụng tốt","1"
"máy lạnh ổn","1"
"máy làm lạnh tốt","1"
"máy làm lạnh tốt","1"
"máy lạnh êm, tiết kiệm điện","1"
"máy lạnh tiết kiệm điện, tốt","1"
"máy lạnh tốt","1"
"Máy lạnh chạy êm","1"
"Máy lạnh tốt","1"
"Máy lạnh tốt","1"
"Máy lạnh tốt","1"
"Máy lạnh chất lượng tốt","1"
"Máy lạnh tốt","1"
"Máy lạnh sử dụng tốt","1"
"Máy lạnh chạy êm","1"
"Máy lạnh tốt","1"
"Máy lạnh êm","1"
"Máy sử dụng tốt","1"
"Máy xài được","1"
"Máy lạnh ổn","1"
"Máy lạnh tốt","1"
"Giao hàng lắp đặt nhanh sản phẩm tốt máy chạy êm","1"
"Sp tốt, lạnh nhanh, k tiếng ồn...đã sd dc 2 tháng","1"
"Hôm nay mình đã nhận được đơn hàng máy lạnh. Nhưng mình thực ko hài lòng nhân viên giao hàng và lắp đặt quá bài trò. Mình hy vọng sau này thế giới di động nên xem lại, mặc dù t vẫn vui vẻ cho tiền cf a ấy thêm 70k. Bên cạnh đó, nhớ bắt luôn dùm cái remote máy lạnh mà đem cái khoang bê tông khoang làm nứt luôn tường của người ta. Ban đầu thì kêu ko giao được thì trả thêm 200k phí trả về, lắp thì bày vẻ tiền phát sinh. QUÁ TỆ","0"
"Máy lạnh dùng rất ok tôi chỉ để nhiệt độ 28 trời nóng mà đã thấy ok lăắ rồi","1"
"Toát và êm","1"
"Ok","1"
"Máy thì đang xài chưa có vấn đề gì hết , nhưng nhân viên lắp ráp không phải bên dmx , nên ráp k có tâm , ống đồng cắt ngắn , không hút chân không , phải kêu mới hút , mà hút cho có lệ , quá thất vọng về dịch vụ lắp ráp.","1"
"Kỹ thuật lắp đặt tận tâm, uy tín. Tuy nhiên sản phẩm mới nhưng bên phía mặt phải bị ngã màu sang màu vàng, các mặt còn lại trắng đều như nhau, trước đã mua 1 cái tất cả các mặt đều trắng như nhau, cần lời giải thích từ ĐMX","1"
"Máy lạnh rất lâu","0"
"Máy chạy êm làm lạnh nhanh","1"
"OK","1"
"1. Dịch vụ lắp đặt Lắp đặt quá tệ, thời gian lắp quá lâu từ 11h trưa đến 16h chiều. Nhân viên cố tình cắt hụt 1,5M ống đồng, lắp điều hòa sai vị trí, tháo giàn nóng ra 2 lần rồi làm xước mặt tản nhiệt. Cố tình bỏ qua công đoạn hút chân không, đến khi gọi tổng đài nhân viên mới cầm máy hút đến. Nhân viên không đủ hiểu biết về kỹ thuật, hút chân không chống đối 2 phút Tối thiểu phải 10p và kiểm tra áp suất âm. Mặt lạnh lắp giá sắt đè dây điện nên hở to, mặc dù tường ốp nhựa phẳng. Tấm lọc nhỏ bị bỏ qua, yêu cầu thì mới lắp.2. Dịch vụ Điện Máy Xanh Trên quảng cáo có ghi Tặng bộ combo 5 mét ống đồng dày 0.7mm + Dây điện đôi + ống nước mềm + băng keo + ốc vít trị giá 850,000đ Thực tế thì vẫn mất tiền 5m dây điện, lý do là dây nguồn ở cục nóng. Miễn phí công lắp đặt và hút chân không trị giá 450,000đ. Thực tế vẫn mất 150k tiền khoan thẩm mỹ Không báo giá trước xong mới thấy thu thêm tiền. Hút chân không thì nhân viên không mang máy và bảo không cần.3. Điều hòa Daikin mình không có gì chê về chất lượng.Mua ở đây giá cao hơn tưởng hưởng dịch vụ tốt mà lại mang bực vào thân.","0"
"Mình khuyên mọi người không nên mua dòng này mình mua trả đổi 2 cái. máy lạnh rất kém.hãng xuống xem nói máy lạnh máy lạnh chỉ lạnh thế này thôi.nên mình phải đổi qua hãng khác.","0"
"Máy lạnh ok, làm lạnh tương đối, lắp đặt nhanh. Phù hợp với giá tiền.","1"
"Cho mình hỏi thấy có khuyến mãi tham gia chương trình bốc thăm của Daikin. Nhưng hôm giao máy bên bộ phận giao k nói j hết. Với lại bên lắp ráp k phải nhân viên điện máy xanh. Nên k hướng dẫn sử dụng các tính năng của máy lạnh. Chỉ hướng dẫn tắt mở, tăng giảm nhiệt độ. Kèm câu các nút còn lại đừng xài..... Vậy là sao","1"
"Máy chạy êm mát sâu","1"
"Good","1"
"Máy mới mua 20 ngày, máy không hoạt động, gọi DMX tới tháo banh ra, giờ không biết lỗi do bên nào đá qua đá lại, khách hàng chịu nóng hằng giờ, chất lượng phục vụ khách hàng của DMX ngày càng kém","0"
"Dùng qua 1 tháng thấy ok nhé.","1"
"Lắp đặt không ok , k chuyên nghiệp. Nhân viên lắp đặt không phải người Điện máy xanh. Sài 1 thời gian thì không hoạt động , tự kt thì thấy sút dây. Ống đồng thì k quấn xi. Tự mua đồ về sửa lại.","0"
"nv nhiệt tình","1"
"Mọi người dùng như nào sao mình dùng 10 ngày mà hết 100 kí điện vậy . Coi số điện mà choáng . Vậy là tiết kiệm điện dữ chưa","0"
"Mua máy lạnh về ko lạnh nhờ hỗ trợ mà bên đmx hẹn tới hẹn lui..Daikin thì hỗ trợ rất tốt nhưng dmx thì quá tệ..vì nóng mới mua mà nay qua tới mùa mưa như dmx vẫn chưa hỗ trợ..lắp đặt là bên đmx nhưng nói lỗi do lắp đặt..lắp đặt lại lại bắt khách hàng chịu phí..và vẫn chưa lắp đặt lại cho mình.quá thất vọng","0"
"Combo ghi hút chân không miễn phí. Nhưng nhân viên nói lắp ống đồng mới không cần hút. Chỉ hút khi dùng ống đồng củ hoặc ống đồng chô âm tường. Fim màng lọc màu xanh có tác dụng dì ko ạ. Ko thấy nv lắp","1"
"Nhân viên lắp đặt nói chuyện tào lao. Tôi mua máy thương hiệu Nhật cho Ba Mẹ tôi nhưng nhân viên đem tới lắp đặt lại nói là hiệu Việt Nam. Nhân viên ĐMX có biết đọc chữ không Có biết thương hiệu nào là của Nhật Thương hiệu nào của Thái không... Không biết thì im đừng nói tào lao. Giao hàng thu tiền ống đồng không có bất kỳ hóa đơn giấy tờ gì hết. Mua hàng ở Dmx chỉ thêm bực mình thui mọi người.","0"
"Rất tốt nha","1"
"Mới lắp đc 3 ngày. Cũng khá ổn. Tiếc kiệm điện nữa thì tuyệt","1"
"Máy chạy êm, lạnh sâu.Có điều thời gian giao hàng lâu","1"
"Hiện tại máy chạy êm, lạnh tốt Nhân viên lắp đặt nhiệt tình, cẩn thận","1"
"Mua máy lạnh hay mua máy bay vậy trời. Vù vù trên đầu suốt","0"
"compo kêu có hút chân không nhưng ko có nha","1"
"Mới xài nên k biết sau có ổn k. Thấy máy chạy êm, lạnh cũng nhanh. K nghe tiếng ồn. Tuy nhiên máy này k hiện nhiệt độ trên máy. Nên k biết nhiệt độ đang là bao nhiêu. Phải xem ở remote khá bất tiện","1"
"Điều hòa chỉ mát khi trời mát. Bên hãng báo lỗi do lắp đặt không đúng yêu cầu thông thoáng.Bên ĐMX qua lắp đặt lại nhưng chi phí khách hàng tự chi trả. Lỗi bên ĐMX nhưng khách hàng phải chi trả thì không hợp lý.","0"
"Mơi dùng mấy ngày,thây cũng ổn.sẽ đánh gia thêm sau thời gian nữa","1"
"ok","1"
"Mọi cái đều ổn nhưng dùng được 3 ngày thì có vẻ có vấn đề về cảm biến nhiệt độ. Bật 30 độ vẫn lạnh run. Hơi thất vọng","1"
"Cái nắp cục lạnh khi tắt không đóng kín.Chỉ mình cách bật biểu tượng cây thông có hình trăng khuyết với","1"
"Thợ lắp ẩu tả dàn nóng rò điện ra ngoài đã bị giật nếu có mưa chắc giật ko biết ra sao gây nguy hiểm tính mạng. Đã dùng bút thử điện thì đèn sáng như hình.","0"
"cục nóng dan chạy chậm vào bị giật. dàn lạnh lắp ko sát tường.ko lắp phim lọc bụi nhỏ khử mùi","0"
"Tốt chưa thấy vấn đề gì","1"
"Máy chạy êm. Hài lòng nha","1"
"Cục nóng êm, Lạnh đềuPhòng diện tích 12m2","1"
"Khoang gãy giá đỡ remot nhà mình","0"
"Mái chạy rất êm. rất ok","1"
"Dùng ok lắm","1"
"Cục nóng ồn quá trời vui lòng kiểm tra","0"
"Ok","1"
"Trước giờ mình mua hàng dmx chẳng bao giờ đánh giá mà hôm nay bực quá nên phải nói, dmx Hẹn 18h00 giao mà mãi đến 9h40 hôm sau mới có nhân viên giao, lúc lắp mình đi làm chỉ có cha mình ở nhà, đến khi về thì thấy chán chẳng muốn nói.","0"
"Sp Sài rất OK ng tư vấn và ng gáp rất OK","1"
"Dmx ơi sao cái nắp đậy dàn lạnh khi tắt máy không đóng kín mà còn hơ một nửa vậy các dòng máy khác khi tắt nó đóng kín lắm mà mới dùng hơn 2 tuần giờ mới để ý","1"
"Chạy được. Nhưng rò điện ra ngoài bị giật người. Nguy hiểm.","0"
"Máy chạy êm. Làm lạnh ok nhà mọi người, k mất phí lắp đặt, lắp xong thì phát sinh thêm dây nguồn thôi, nhưng đây nguồn chất lưong chưa ngon, nếu đã lắp thì lắp luôn loại dây lớn tí cho khách luôn.","1"
"Máy hoạt điong êm","1"
"Cần hổ trợ khắc phục máy lạnh chảy nước quá ạ","0"
"Nhân viết lắp đặt nhiệt tình. Chất lượng sản phẩm thì chưa bàn đến. Miễn phí lắp đặt mà lại đi lấy thêm của khách hàng 100k tiền rút lõi tường, cái này ĐMX hơi hèn . Chưa thấy ai lấy mỗi tiền rút lõi bao giờ. Hài","1"
"Mình mua sản phẩm có gói dùnh thử 30 ngày. Mình muốn đổi sang máy khác, nhờ bên bộ phận khách hàng hướng dẫn","1"
"Mất lòng tin sp chảy nước cục nóng đổi cục khác lại chảy nhiều hơn cục trước","0"
"Làm lạnh kém mà tốn điện cực kì. Gọi lên tổng đài thì cứ quanh co. Tôi muốn đổi trả","0"
"Máy kiểu on quá trời ở trọ mà nó kieu như vậy rất phiền người ta ko đc hai lòng cho lắm","1"
"Chưa dùng lên chưa bik tốt hay ko","1"
"Trời ơi Sài đêm 15km điện ở nhà trọ 4 4 ngan kg Sài chắc đủ tiền đien nhà trọ ko tháng 3tr qua","0"
"Làm lạnh kém, cục nóng kêu ồn. Thợ bảo hành xuống thì lại bảo các chỉ số bình thường, hoạt động tốt. Tôi muốn đổi hàng","0"
"ĐMX và Capsper lừa dối khách hàng. Sp quạt kêu cực kì to mà bảo hành nói bình thường. Khốn khiếp","0"
"Làm lạnh cực kém.","0"
"Máy lạnh tệ, kém chất lượng, bật mấy tiếng không làm lạnh được, thất vọng về chất lượng hàng của điện máy xanh, tôi muốn trả hàng.","0"
"Cục nóng quá kiu . Làm lạnh thì tốt","0"
"Máy kem chất lượng dùng không có lạnh, cục nóng kêu to tôi phải trả hàng","0"
"Không hài lòng cách chăm sóc khách hàng. Lắp máy lạnh chảy nước cùng phòng kêu xuống kiểm tra hẹn ngày mai bực bội","0"
"Máy sử dụng ổn, bật từ sáng tới tối mà không tốn điện mấy","1"
"Mua đc vài hôm dàn nóng kêu quá ồn , như trực thăng bay rần rần hết nhà , con daikin xài 4 năm cũng ồn nhưng đỡ hơn con này","1"
"Mua hàng từ đầu tháng 5 , cục nóng kêu như máy cày , gọi bảo hành xuống kiểm tra , xong đẩy qua hãng , hãng đẩy qua đmx , cuối đùng đẩy k xử lý cho khách hàng ,bộ khách mua hàng xong là khách tự chịu hay sao vậy bán gói vip làm gì , trách nhiệm của các bạn nằm ở đâu hết rồi, càng ngày dịch vụ càng tệ , ai dám mua hàng đmx nữa","0"
"máy chạy không rần tường, quạt cục nóng cũng êm hơn so với hãng trước đó mình dùng, làm lạnh nhanh, dễ sử dụng.","1"
"Máy lạnh làm lạnh nhanh, êm ái, sử dụng rất tốt. Phụ huynh trước đó đã sử dụng được gần 10 năm rồi, thấy bền nên lần này mình tiếp tục ủng hộ","1"
"Mua về 10 ngày kêu như trực thăng dịch vụ tệ đúng đẩy trach Nhiệm đừng mua","0"
"Cục nóng kêu to rung tường, kêu bảo hành hãng thì đổi thừa lung tung bên","0"
"Cục nóng kêu rất to. Quá ồn. Rung tường","1"
"Máy mới mua mấy ngày bặt lên kêu như máy cày xới lúa muốn lấy búa đập luôn","0"
"Đánh giá 1sao nó báo lỗi, máy tệ lắm mn","1"
"Máy chạy rất im","1"
"Máy chạy kêu rất to, run cả tường, kêu còn hơn tiếng máy cày. Hãng bảo hành vòng vo. Đỗ thừa nguồn điện này nọ né bảo hành, trong khi các máy khác trong nhà, trong khu sử dụng cùng lúc thì không kêu như vậy.","0"
"máy mua duoc 4 ngày lúc lắp trời mua nên ko nghe tiếng ôn qua hôm sau mở về đêm cục nóng đe tren mái nhà ôn ko thể chịu đuoc.cục nóng kêu đúng to","1"
"Loại này chỗ nối póng gaz với cục nóng ko có đồ chụp lại à shop","1"
"Điện Máy Xanh Thị Trấn Cái Nước, Cà Mau lại cửa hàng mua nhân viên thách giá lên 1tr đồng trên sản phẩm kết thúc giá 7tr990 là đến hết 31/8/2025 lận, mà mua tại cửa hàng 3/8/2025 thách giá 8tr990 mà cửa hàng chỉ bồi thường 400k mua hàng còn lại 600k sẽ đi về đâu.... Thật sự thất vọng quá..Thật sự thất vọng quá","0"
"Sau khi dùng được 1 năm thì bị xì ga ống đồng mà hãng thì vòng vo chưa chịu xử lí đã gần 10 ngày rồi mà để như thế này đây","0"
"Máy lạnh lắp ngày 17/7/2025, tuy nhiên, muốn mát phải có máy quạt hỗ trợ thêm chứ 1 mình máy lạnh chạy ko thấy mát chứ đừng nói tới lạnh, dù mở 16 độ, được cái nhân viên lắp đặt rất ok, nhiệt tình vô cùng tận. Còn về chất lượng của sản phẩm, tệ","0"
"Mua được 10 tháng. Chất lượng tệ, hỗ trợ kém, bảo hành rất rất rất tệ","0"
"Đúng kiểu bán hàng mập mờ lừa khách hàng. Mua trên web báo tổng giá 1 kiểu, tới nơi lắp muốn khoan tường gọn đẹp thêm phí, không có phí này khoan sẽ vỡ tường, xấu. Lắp xong hỏi tổng tiền thanh toán xong xuôi thì ngày mai liên hệ tới thì mới đòi thêm tiền công, không hóa đơn, không bảng giá, gọi tổng đài thì kêu tự thương lượng giá với kỹ thuật","0"
"Mua xài đúng 1năm hao điện quá","0"
"Kêu um xùm không ngủ được","0"
"Rất tệ từ sản phẩm đến bảo hành của Samsung. Máy mới mua dùng chưa đến 1 tháng thì máy bị lỗi dàn lạnh. Kỹ thuật ĐMX đến kiểm tra xong đẩy lỗi qua cho hãng. Hãng thì hẹn 5 ngày chưa đến sửa, trong lúc nhà có con nhỏ trời nóng nực ảnh hưởng đến sức khoẻ. Quá thất vọng","0"
"Mình mới lắp, máy chạy cũng êm, làm lạnh nhanh,","1"
"Lần đầu mua cũng như lần cuối sử dụng samsung máy lạnh dàn nóng kêu như cái máy cày. Liên hệ bảo hành bảo là kêu cọc cọc là bình thường thì chịu rồi. Thử hỏi mua hàng về tối ngủ phải tắt đi mở quạt ngủ là biết nó kêu thế nào rồi. Rất tệ từ bảo hành đến sản phẩm","0"
"Máy lạnh kêu ồn, nhờ hổ trợ giùm","1"
"Máy chạy rất ồn luôn","1"
"Tốt","1"
"Máy điều hoà chạy êm ái, làm lạnh rất nhanh, điện năng tiêu thụ rất ít, I LOVE SAMSUNG","1"
"Xài tốt nhé","1"
"Làm lạnh hơi lâu tí","1"
"Máy quá tệ, căn phòng 9m2 mà chẳng lạnh. Gọi bảo hành đmx,cho nhân viên đến xem xét rồi về. Việc bảo hành giao lại hãng. Có cảm giác như đmx bỏ con giữa chợ.","0"
"Máy lạnh mà mở phòng chưa đc 2m vuông bên lạnh bên không. Quạt đảo gió đang sài tự gãy bung ra mà kêu do vật lí không bảo hành mà kêu bảo trì hẹn tới hẹn lui, lúc mua thì nhanh lắm tới vấn đề thì lâu lắc bị một lần thôi không dám mua lần 2, ai có ý định mua điện máy xanh tốt nhất đừng mua thái độ phục vụ rất tệ chỉ biết lấy tiền khách hàng thôi","0"
"Tốt sẽ mua thêm","1"
"Máy lạnh hiện lỗi C4 22 là bị sao ạ. Máy e mới mua sài đc 1 tuần thôi","1"
"Máy chạy êm,nhân viên lắp ráp nhiệt tình.thấy các bạn nói kg lắp cao su chân máy nhưng anh nhân viên lắp đặt mình đầy đủ,tư vấn nhiệt tìnhTiết kiệm điện hay kg thì chưa biết,mới sử dụng chưa dc nửa tháng","1"
"Giàn nóng rung và ồn","1"
"Dàn nóng rung không có cao su giảm chấn","0"
"chưa sử dụng hết vật tư trong combo nhưng không được hoàn phiếu mua hàng như đã cam kết trong combo lắp đặt + vật tư 1 triệu","0"
"Máy xài êm lắm nha.","1"
"Cục nóng kêu to","0"
"máy nóng ồn hơn các máy lạnh khác","0"
"Mua con này là con thứ 4 ở điện máy xanh rồi.Mua ngày 27/4/2024. Mà thật sự quá tệ.dùng được 30 ngày thì báo lổi C4 22, máy lạnh không có 1 tý hơi lạnh nào. Không khác gì bật quạt mặc dù cục nóng cục lạnh chạy ầm ầm. Gọi bảo hành thì bên đmx đến kiêu bình thường, nói anh không thấy mát là do cơ địa anh, kiêu lấy máy đo thì kiêu em có đem đủ đồ nghề hết nhưng em không đo. Anh muốn lạnh thì mua đaikin chứ đừng mua samsung. Chán luôn. Sáng hôm sau thì bên bảo hành sam sung đến kiểm tra báo thiếu ga, đổ lổi do điện máy xanh không hút chân không nên dùng 30 ngày thì hết ga. Nhưng xui là quên mang đồ nghề, hẹn chiều đến bơm ga cho. Vậy mà chiều đó mất tiêu luôn. Đến ngày tiếp theo có 1 người khác bên sam sung đến kiểm tra báo thiếu ga, hư bo mạch phải bơm ga và thay bo mạch. Thay xong vẫn vậy vẫn không mát và báo lổi C422. Chịu cho cho cái máy lạnh này. Giờ máy lạnh không mát, sửa không được, trả thì mất 30% do đã dùng từ ngày 27/4/2024 đến ngày 2/6/2024. Bỏ tiền ra mang cục tức vào người.","0"
"Máy êm , tiết kiệm điện","1"
"Cho mình hỏi máy lạnh mình mua đc 1 tháng rưỡi mình muốn đổi qua dòng pana thì mắc khoảng bao nhiêu phần trăm","1"
"Máy lạnh từ lúc gắn mua về đến giờ chạy rất êm, đủ lạnh mát lắm, lần đầu sử dụng hãng samsung nhưng mình thấy tính năng samsung khá nhiều hơn so với máy lạnh cùng giá khác.","1"
"Yêm rat tôt nhe mn","1"
"Trung tâm bảo hành điện máy xanh cực kỳ tệ, liên hệ 5 lần 7 lượt không giải quyết được vấn đề, chỉ hứa qua lo. Báo bảo hành từ 3/5 đến bay chưa giải quyết đc.","0"
"Máy chạy êm ái , không khí lạnh củng dể chịu , nhà ai có em bé nhỏ thì nên mua dòng máy nầy là sài rất oke nha mọi người","1"
"Tốt","1"
"Máy lạnh mà lạnh chỉ nửa phòng còn nửa phòng k lại. Phải giải quyết s","0"
"Mua về dùng không lạnh, máy lạnh kiểu gì bật 16 độ chỉ mát hơn cái quạt 1 tí, quá bực bội yêu cầu đổi thì cứ đùn từ bên này qua bên khác rồi hẹn lên hẹn xuống. Yêu cầu đổi gấp","0"
"Muốn bán lại thì mất bao nhiêu mới mua 33 ngày","1"
"Tôi hài lòng","1"
"máy cục nóng bị kiêu lỗi mà kêu đổi trả trong vòng 15 ngày.lại k xử li cho khách cứ bắt khách ôm trong khi máy lỗi mong bHx giai quyết đung để ymuy tính hạ","0"
"Máy đổi trả bị lỗi phần block , lấy về lắp cho khách bị bán vốn, khách trả máy, tui mất uy tín, giờ đợi bên DMX và Hãng kiểm tra, làm thủ tục hoàn tiền, chán cái nhánh thu máy","0"
"Máy mình lắp bị lỗi, không chạy được.Liên hệ DMX hay Samsung đều chưa được xử lí thoả đáng.","0"
"Máy xài ổn áp nha mn","1"
"Mình chạy thì êm nhưng mà hao điện nha. Mình xài 45h tốn 78kw","1"
"Giao hàng bị lỗi mua từ 23tây tới nay chưa đổi hàng,điện thoại muốn banh cái tổng đài,đẩy qua đẩy lại chưa ai giải quyết đổi mới dùm.","0"
